{"stat.useItem.351":14,"stat.craftItem.340":21,"stat.craftItem.69":2,"stat.useItem.110":1,"stat.useItem.355":4,"stat.craftItem.102":112,"stat.useItem.359":28,"stat.useItem.116":1,"stat.craftItem.61":14,"stat.leaveGame":35,"achievement.ae2.GlassCable":4,"stat.craftItem.336":176,"stat.craftItem.339":21,"stat.mineBlock.14":21,"stat.mineBlock.13":316,"stat.mineBlock.16":85,"stat.mineBlock.15":89,"stat.mineBlock.18":21,"stat.craftItem.331":387,"stat.killEntity.PigZombie":1,"stat.mineBlock.17":78,"stat.swimOneCm":64740,"stat.climbOneCm":3958,"stat.craftItem.72":4,"achievement.buildWorkBench":14,"stat.entityKilledBy.PigZombie":1,"achievement.ae2.ChargedQuartz":14,"stat.craftItem.324":2,"stat.craftItem.325":7,"achievement.exploreAllBiomes":{"value":0,"progress":["Grassland","Boneyard","Cold Taiga","Cold Taiga Hills","Cliffs","Roofed Forest","Undergarden","Redwood Forest","Birch Hills","Rainforest","Lush Desert","FrozenRiver","Tall Pine Forest","Outback","River","Phantasmagoric Inferno","Tropics","Sahel","Land of Lakes","Swampland","Meadow","Magical Forest","Visceral Heap","Lowlands","Plains","Corrupted Sands","Bayou","Highlands","DesertHills","Eerie","Jungle","Flying Mountains","JungleHills","Desert","Mystic Grove"]},"stat.mineBlock.12":557,"stat.craftItem.361":4,"stat.craftItem.364":1,"stat.craftItem.89":6,"stat.mineBlock.4":11,"stat.mineBlock.5":323,"stat.mineBlock.111":1,"stat.mineBlock.3":833,"achievement.botania:flowerPickup":96,"stat.mineBlock.1":234,"stat.craftItem.359":1,"stat.flyOneCm":1143314,"stat.craftItem.351":43,"stat.useItem.102":9,"stat.craftItem.355":1,"stat.craftItem.96":2,"stat.mineBlock.129":10,"stat.killEntity.Blizz":1,"stat.killEntity.Bat":1,"stat.craftItem.20":349,"stat.craftItem.22":9,"stat.useItem.324":3,"stat.craftItem.33":26,"achievement.mineWood":155,"stat.craftItem.405":56,"stat.useItem.87":112,"stat.craftItem.47":5,"stat.craftItem.41":8,"achievement.openInventory":3103,"stat.craftItem.42":3,"stat.mineBlock.161":1,"stat.craftItem.45":1,"stat.mineBlock.162":179,"stat.mineBlock.154":3,"achievement.immersiveengineering.craftPump":1,"stat.mineBlock.153":264,"stat.craftItem.58":9,"stat.deaths":16,"stat.drop":882,"stat.playOneMinute":2701136,"stat.craftItem.53":12,"stat.craftItem.50":152,"stat.mineBlock.173":1,"stat.craftItem.54":65,"stat.killEntity.Zombie":21,"stat.diveOneCm":40427,"achievement.ae2.Charger":1,"stat.useItem.61":5,"stat.killEntity.NuclearMonster":1,"stat.mineBlock.82":42,"stat.mineBlock.87":3221,"stat.mineBlock.86":1,"stat.useItem.69":2,"stat.mineBlock.89":21,"stat.mineBlock.88":66,"stat.useItem.72":4,"stat.jump":6386,"stat.fallOneCm":150151,"stat.entityKilledBy.CaveSpider":4,"stat.killEntity.SkeletonWarrior":2,"stat.craftItem.1":14,"stat.mineBlock.69":1,"stat.craftItem.5":1264,"achievement.immersiveengineering.craftHeater":2,"stat.damageTaken":26665,"stat.mineBlock.61":2,"stat.useItem.47":1,"stat.useItem.49":10,"stat.useItem.53":12,"stat.useItem.54":30,"stat.killEntity.CaveSpider":8,"stat.useItem.50":125,"stat.damageDealt":3763,"stat.mineBlock.72":1,"stat.mineBlock.73":34,"stat.useItem.58":1,"stat.useItem.20":41,"stat.craftItem.263":169,"stat.mineBlock.49":13,"stat.useItem.22":4,"stat.useItem.154":5,"stat.walkOneCm":7433886,"stat.craftItem.265":577,"stat.craftItem.386":4,"stat.craftItem.266":87,"stat.craftItem.380":9,"stat.blockChiseled":95,"stat.craftItem.259":1,"stat.killEntity.LavaSlime":5,"stat.useItem.162":20,"stat.mineBlock.58":1,"achievement.immersiveengineering.openManual":3,"stat.craftItem.371":189,"stat.useItem.33":1,"achievement.ae2.Fluix":2,"stat.craftItem.377":64,"stat.useItem.30":24,"stat.mineBlock.102":5,"stat.mineBlock.50":69,"stat.craftItem.126":42,"stat.mineBlock.106":30,"stat.mineBlock.54":18,"stat.useItem.35":1,"stat.mineBlock.53":2,"stat.useItem.37":1,"stat.useItem.173":1,"stat.mineBlock.56":13,"stat.mineBlock.24":52,"stat.killEntity.Skeleton":4,"stat.useItem.259":9,"stat.craftItem.280":268,"stat.killEntity.Spider":9,"achievement.immersiveengineering.placeConveyor":3,"stat.mobKills":130,"stat.mineBlock.21":31,"stat.useItem.380":4,"stat.mineBlock.20":7,"stat.mineBlock.38":6,"stat.useItem.6":7,"stat.mineBlock.37":22,"stat.useItem.12":5,"stat.craftItem.154":2,"stat.craftItem.155":8,"stat.mineBlock.39":2,"stat.useItem.1":14,"achievement.immersiveengineering.connectWire":46,"stat.useItem.4":137,"stat.useItem.5":1429,"stat.useItem.3":515,"stat.craftItem.148":6,"stat.useItem.17":52,"stat.mineBlock.30":34,"stat.useItem.13":8,"stat.mineBlock.31":742}