{
  "ident": "(32740c9c-bbe2-3308-a4da-11e91b8f8ca3|osantop2)",
  "lastTeleportOrigin": {
    "dim": 0,
    "pitch": 5.3565693,
    "yaw": -97.92316,
    "xd": -13.53017675765842,
    "yd": 70.0,
    "zd": -89.74095330625678
  },
  "lastTeleportTime": 1729218402477,
  "selDim": 0,
  "inventoryGroups": {},
  "modInventoryGroups": {},
  "activeInventoryGroup": "default",
  "timePlayed": 130679879,
  "firstLogin": "Aug 25, 2024 4:52:14 PM",
  "lastLogin": "Apr 16, 2025 11:38:09 PM",
  "lastLogout": "Apr 17, 2025 1:57:25 AM",
  "namedTimeout": {}
}